<effectgroup id="Glitch Effect - V1" description="" parentIn="272">
 <description>Heavy glitch effect.</description>
 <effect id="frei0r.pixs0r">
  <property name="3">0.162</property>
  <property name="2">0.008681</property>
  <property name="1">0.046</property>
  <property name="0">0.03876</property>
 </effect>
 <effect id="frei0r.glitch0r">
  <property name="3">272=0.242</property>
  <property name="2">272=0.401</property>
  <property name="1">272=0.174</property>
  <property name="0">272=0.25</property>
 </effect>
 <effect id="frei0r.rgbsplit0r">
  <property name="1">272=0.668407</property>
  <property name="0">272=0.563969</property>
 </effect>
 <effect id="frei0r.scanline0r"/>
 <effect id="avfilter.exposure">
  <property name="av.black">272=0</property>
  <property name="av.exposure">272=0.57</property>
 </effect>
</effectgroup>
