<effectgroup id="LM Basic - CC" description="Basic color correction effect stack." parentIn="0">
 <description>Basic color correction effect stack.</description>
 <effect id="frei0r.colgate">
  <property name="Color Temperature">0=0.433</property>
  <property name="Neutral Color">0=0x7f7f7fff</property>
 </effect>
 <effect id="frei0r.balanc0r">
  <property name="Green Tint">0=0.1333</property>
  <property name="Neutral Color">0=0xffffffff</property>
 </effect>
 <effect id="frei0r.saturat0r">
  <property name="Saturation">0=0.125</property>
 </effect>
 <effect id="avfilter.exposure">
  <property name="av.black">0=0</property>
  <property name="av.exposure">0=0</property>
 </effect>
 <effect id="frei0r.contrast0r">
  <property name="Contrast">0=0.5</property>
 </effect>
 <effect id="frei0r.levels">
  <property name="Histogram position">0.3</property>
  <property name="Show histogram">0</property>
  <property name="White output">0=1</property>
  <property name="Black output">0=0</property>
  <property name="Gamma">0=0.25</property>
  <property name="Input white level">0=1</property>
  <property name="Input black level">0=0</property>
  <property name="Channel">0.3</property>
 </effect>
</effectgroup>
