<effectgroup id="LM Secondary - HSL" description="Secondary color selection mask HSL" parentIn="0">
 <description>Secondary color selection mask HSL</description>
 <effect id="mask_start-frei0r.select0r">
  <property name="filter">frei0r.select0r</property>
  <property name="filter.Operation">0</property>
  <property name="filter.Slope">0=0</property>
  <property name="filter.Delta B / I / I">0=0.2</property>
  <property name="filter.Delta R / A / Hue">0=0.2</property>
  <property name="filter.Edge mode">0.9</property>
  <property name="filter.Delta G / B / Chroma">0=0.2</property>
  <property name="filter.Subspace shape">0.5</property>
  <property name="filter.Selection subspace">0</property>
  <property name="filter.Invert selection">0</property>
  <property name="filter.Color to select">0=</property>
 </effect>
 <effect id="avfilter.gblur">
  <property name="av.sigmaV">-1</property>
  <property name="av.planes">7</property>
  <property name="av.steps">1</property>
  <property name="av.sigma">0</property>
 </effect>
 <effect id="frei0r.transparency">
  <property name="0">0=1</property>
 </effect>
 <effect id="lift_gamma_gain">
  <property name="gain_g">0=1</property>
  <property name="gain_b">0=1</property>
  <property name="gamma_g">0=0.407294</property>
  <property name="gamma_r">0=1.00002</property>
  <property name="gain_r">0=1</property>
  <property name="lift_b">0=0</property>
  <property name="gamma_b">0=0.567208</property>
  <property name="lift_g">0=0</property>
  <property name="lift_r">0=0</property>
 </effect>
 <effect id="mask_apply"/>
</effectgroup>
